"","Genes","L_C","L_PC","L_PI","L_HS","L_CoE","B_C","B_PC","B_PI","B_HS","B_CoE","Di_mean","Di_sd","CI_mean","CI_sd","plastic","L_N","L_NDi","B_N","B_NDi","I","na_count"
"1","DDX6",0.268405714012708,0.000429984233911423,0.00329654579332091,0.727867755960059,0.521842437979832,0.248435335148822,0.000382208207921265,0.00305766566337012,0.748124790979886,0.496043464075696,0.819579533794305,0.275636673576432,0.998033313590345,0.04368011882335,0.276520442395245,0.678370786516854,0,0.783952959028832,0,0.000526685393258427,0
"2","ECM1",0.411302830554478,0,0.080990694067468,0.507706475378053,0.523641010751038,0.20506979449399,0,0.0657231485071733,0.729207056998837,0.523576498327047,0.787472622342231,0.262789731573657,NA,NA,0.415944797076293,0,0,0.716126722749239,0.0748165383926973,0,2
"3","ESRRA",0.238222646918299,0.00688007644529384,0.0630195891065456,0.691877687529861,0.499157341801181,0.201433349259436,0.00740563784042045,0.0735308170090779,0.717630195891065,0.512815319169323,0.737139005361445,0.29623265259832,0.966251729752124,0.176752456472087,0.306646455019189,0.726159094433245,0.17599627849279,0.815228426395939,0.128257191201354,0.00108543960303923,0
"4","MACC1",0.288421460766733,0,0.0762855619638443,0.635292977269423,0.538325837647855,0.263509911307129,0,0.0618911452527504,0.67459894344012,0.547244642718835,0.765788628947236,0.300933927663543,NA,NA,0.356069703075964,0.297142857142857,0,0.254691689008043,0.0601727733095025,0,2
"5","MAPK8",0.127488898438619,0.0100272167311273,0.257842715943275,0.604641168886979,0.512305760930732,0.135176431265817,0.0103614572888316,0.237931528434322,0.61653058301103,0.524868957085122,0.931419068158151,0.241754981518295,0.893792243734453,0.281808682341744,0.303735777769117,0.760628019323672,0.214009661835749,0.851077076329224,0.261486738886814,0.00422705314009662,0
"6","MTOR",0.123668497731072,0.00831144017196083,0.276618103654168,0.591401958442799,0.508680570657811,0.0739909242894674,0.00878910914736088,0.331215667542393,0.586004299020779,0.516859558483305,0.932694766142185,0.238366212797037,0.952362461283627,0.204527980051883,0.337384339060782,0.782324058919804,0.251812017769465,0.642436829352717,0.0519210799584631,0.0022211830722469,0
"7","MYC",0.155630877930014,0.0247290781496157,0.246574688499546,0.573065355420824,0.51153177721524,0.100730414856543,0.024633599083401,0.279610445409844,0.595025540650212,0.536977228429432,0.942600499335219,0.220669588875757,0.853035817411175,0.288700766783981,0.35760416210254,0.80319803198032,0.357709940735771,0.787457267476129,0.186844276788872,0.00905736330090574,0
"8","NR1H2",0.233863647221824,0.00434761836510439,0.0603888968515599,0.701399837561512,0.504281072621212,0.21150446705843,0.0046820505470355,0.0611055372414123,0.722707945153122,0.516641483673496,0.904396175936201,0.210161193300308,0.976595876967972,0.148444031571654,0.290089199270991,0.71872,0.16032,0.819262577532736,0.171433494141971,0.00096,0
"9","NR1H3",0.219530839424777,0.00453872246906502,0.0880512158998615,0.687879222206297,0.500919073559522,0.195356170273757,0.00477760259901581,0.0507381396015479,0.74912808752568,0.529748104295426,0.814973074559361,0.30352453961029,0.978636582865816,0.142626119889725,0.427078553005662,0.637379458135619,0,0.868786897733765,0.218815463721196,0.000612276136537578,0
"10","PARK2",0.138784087110177,0.0117006542814843,0.245618224366016,0.603897034242323,0.490517316895352,0.121830077845169,0.0116051387363293,0.255886145470175,0.610678637948326,0.495051230193112,0.904270907111204,0.266108359724759,0.85564742731702,0.313148649802092,0.342175760985559,0.698818422956354,0.23800337593441,0.662782139352306,0.140210991167812,0.00578731613214372,0
"11","PARP14",0.244948393661869,0,0.0597470562581771,0.695304550079954,0.501863988577748,0.201676600281049,0,0.0591655763919174,0.739157823327034,0.549748936077051,0.865391371261951,0.236026595902959,NA,NA,0.380051368277208,0.779421119592875,0.251590330788804,0.848968976407208,0.277354634961917,0,2
"12","PGR",0.15087400897889,0.0178622600057312,0.213248638838476,0.618015092176903,0.542562780807889,0.140939917852708,0.0179100200592225,0.17967332123412,0.66147674085395,0.528645869836996,0.96777528190294,0.146823290898529,0.926745799283454,0.255596247180218,0.432273827872429,0.564141035258815,0.112903225806452,0.860468397291196,0.27073927765237,0.00212553138284571,0
"13","PPARD",0.221415261120933,0.0106072913182665,0.10908309044866,0.658894357112141,0.48990477312435,0.185818720435759,0.0105117301352191,0.106694060872474,0.696975488556548,0.529994297679514,0.821310356349411,0.28353804224383,0.958925909898922,0.196228373049748,0.362445952413347,0.611570247933884,0,0.439608956165248,0,0.000700378204230284,0
"14","PPARG",0.150773195876289,0.025057273768614,0.242124856815578,0.582044673539519,0.51311160750248,0.134975181366934,0.0247231767850325,0.25405689194349,0.586244749904544,0.497923249872732,0.926766312328684,0.246777458915391,0.832827448333976,0.358945902136616,0.328157926505291,0.830078794107571,0.37330135891287,0.820625216287923,0.303149152151344,0.00308324768756423,0
"15","PPARGC1A",0.203878857361231,0.0146651380529283,0.103229196522404,0.678226808063437,0.471252760924615,0.180519728671061,0.0145695996942773,0.0957772045476259,0.709133467087035,0.511691242868322,0.874036050023348,0.262970620531439,0.934179661115332,0.241907463115448,0.408579278086038,0.743319477434679,0.17666270783848,0.74905567416653,0.189522089012974,0.00237529691211401,0
"16","PTBP1",0.224759902527593,0.00702374695398729,0.0656983133451192,0.7025180371733,0.52237985018837,0.190310096038989,0.00726264991160591,0.0722442543838693,0.730182999665536,0.539330622023691,0.883046808044351,0.226045605250484,0.970358965551239,0.166189260399813,0.325774118929418,0.611789270799872,0.0409572759396081,0.687975916415796,0,0.0016061676839062,0
"17","SFN",0.202140365964359,0.0182982179542306,0.0799770675075247,0.699584348573886,0.520193603479813,0.174286942812097,0.0193970665520042,0.0666953322822608,0.739620658353638,0.527073561149143,0.878602627136964,0.259325294866162,0.911444840894547,0.276074669571384,0.390220571238059,0.672868956743003,0,0.790642201834862,0.136330275229358,0.00302162849872774,0
"18","SIRT5",0.248219045311364,0,0.0969711654955173,0.654809789193118,0.503136729582422,0.302059607463048,0,0.133559486309668,0.564380906227284,0.510793878168794,0.790946559817781,0.319096507061127,NA,NA,0.387544341918121,0.548926014319809,0.143619261547101,0.0164645678050951,0,0,2
"19","SOD2",0.133562461215332,0,0.245023628812831,0.621413909971836,0.488424751126932,0.117618979426226,0,0.223877034703327,0.658503985870447,0.558522682548812,0.906985864773791,0.268558218052733,0.999865650502974,0.0112877565933651,0.378391363330443,0.837599293909974,0.357962425923591,0.861755661168577,0.321358680458485,0,0
"20","SUN2",0.222466434134455,0.000716708872855846,0.0392278656409766,0.737588991351713,0.492714284932582,0.233455970184911,0.000716708872855846,0.0379377896698361,0.727889531272397,0.522613987524154,0.748229692223311,0.290136833951961,0.997789754246435,0.0458735271481479,0.478415215215597,0.73652585579024,0,0.437752414398595,0,0.000546249089584851,0
"21","TP53",0.241306940138326,0.0239446696875745,0.0667779632721202,0.667970426901979,0.543763068301042,0.231719532554257,0.0238015740519914,0.0724540901502504,0.672024803243501,0.529254676945514,0.976884496768152,0.145104403664033,0.888841798145771,0.285987597526357,0.484995634220007,0.781353253842839,0.520758511708088,0.717132053519488,0.440517742873764,0.0317483120241345,0
"22","TXNRD2",0.212320916905444,0.00310410697230181,0.0741642788920726,0.710410697230181,0.522869118205682,0.197277936962751,0.00291308500477555,0.0868672397325692,0.712941738299904,0.491377405161733,0.900511930460205,0.223895128152757,0.985106748301525,0.118469168772106,0.326640862527315,0.732189973614776,0.128627968337731,0.715355182166029,0.0437531192813176,0.000494722955145119,0
"23","VDR",0.166682582123759,0.0154220779220779,0.198720397249809,0.619174942704354,0.520249973783163,0.145578686019862,0.0152788388082506,0.189362108479756,0.649780366692131,0.546308433646879,0.918319086885399,0.255845040822549,0.896821501339539,0.292939835536814,0.35080711370494,0.8108074222668,0.364217652958877,0.856578050443081,0.367007498295842,0.00388665997993982,0
"24","ABL1",0.224282096612356,0.0213101438195805,0.0747288451431029,0.679678914424961,0.505297738698577,0.225285489034354,0.0224090974246261,0.0804625161259496,0.67184289741507,0.508411094109224,0.919222233674566,0.232633567913132,0.8384945060605,0.312208020545504,0.355158935451238,0.794600238663485,0.171688544152745,0.682877111240536,0.149242865463017,0.00894988066825776,0
"25","ACAT1",0.354158588600233,0,0.0783734005428461,0.567468010856921,0.528145046409874,0.255379992245056,0,0.0770647537805351,0.667555253974409,0.522893163390394,0.875350047790114,0.229810130714049,NA,NA,0.282628169016209,0.0517705064993277,0,0.314768916751713,0,0,2
"26","ACO2",0.248303606048856,0,0.138134936021714,0.61356145792943,0.530373497868335,0.209335013571152,0,0.111234974796433,0.679430011632416,0.527428509083241,0.930026449204348,0.20939759690839,NA,NA,0.386815009749834,0.281700739997492,0.016555876081776,0.498941638947687,0.150287269428485,0,2
"27","AKT1",0.152938365981844,0.027663640707119,0.210797897754419,0.608600095556617,0.497091916766109,0.147109412326804,0.0283325370281892,0.217247969421882,0.607310081223125,0.511979817737718,0.949094200403135,0.211523973530347,0.839984546024229,0.300399213461309,0.306917012694957,0.5528564453125,0.10009765625,0.493125684389828,0.0996471590217788,0.0098876953125,0
"28","AR",0.128513865844987,0.0223749703721261,0.221995733586158,0.627115430196729,0.545173673988041,0.150367385636407,0.0246029864896895,0.203744963261436,0.621284664612467,0.503538533980178,0.962162006246725,0.173026029103648,0.882340549683602,0.275028850076782,0.373558229057452,0.726671751843377,0.160055936943809,0.861184128176242,0.322067843284516,0.0111873887617595,0
"29","BAX",0.135403726708075,0.00539894887720975,0.198136645962733,0.661060678451983,0.508689565683804,0.139799331103679,0.00535117056856187,0.176493072145246,0.678356426182513,0.525452364813225,0.902429482258732,0.274390051769007,0.972734885014345,0.158158953972293,0.306338446179884,0.707922187764308,0.0883845503242176,0.827688651218063,0.197563874034462,0.00155060614603891,0
"30","BCL2",0.143948801222657,0.0111280924634636,0.237749546279492,0.607173560034387,0.532710981118564,0.150205368230012,0.0111758525169548,0.225093132104308,0.613525647148725,0.479326645584214,0.933336541129124,0.235405677156727,0.855833927783437,0.31719625334074,0.306591588750872,0.567294832826748,0.0570212765957447,0.673133959466139,0.11159169550173,0.00498480243161094,0
"31","BCL2L1",0.0972441132922577,0.00410756077757081,0.336008024072217,0.562640301857955,0.515561871155943,0.101351674069829,0.00405979844294789,0.308592443998663,0.585996083488561,0.516449418651198,0.91754654486377,0.261449180308392,0.93783973111591,0.224512066338721,0.346935934283966,0.528120563503331,0.060172545593535,0.732233502538071,0.190124596215967,0.00327618215572786,0
"32","BNIP3",0.19957009792214,0.00339144972534034,0.113780749940291,0.683257702412228,0.496639429815574,0.208311440171961,0.00334368282780033,0.137759732505374,0.650585144494865,0.536656726331267,0.862776402653171,0.287183815287075,0.98691686598645,0.111685777017758,0.42474008439144,0.691449253506259,0.192881918262705,0.366780587833219,0.0423786739576213,0.00105564771527673,0
"33","BRAF",0.151368913947155,0.0119451478809308,0.187873285871279,0.648812652300635,0.515525224431582,0.137178078264609,0.0122318314300731,0.189497825983086,0.661092264322232,0.538541695362816,0.945571182278082,0.196048779074044,0.951177790750278,0.212074711346183,0.268606909942425,0.758367346938775,0.0553741496598639,0.77527139433244,0.0513182010432821,0.000952380952380952,0
"34","BSG",0.182214683789678,0,0.18706081899685,0.630724497213472,0.513132247214513,0.168160891688878,0,0.194911558032469,0.636927550278653,0.514085804555548,0.914800534364778,0.260029348940613,NA,NA,0.32567160496187,0.766272965879265,0.276902887139108,0.815002669514148,0.25213561131874,0,2
"35","CASP3",0.178339384674183,0.0240779667494745,0.206191477164151,0.591391171412192,0.492523860055638,0.177049493598318,0.0238868717752723,0.237339957959106,0.561723676667304,0.508579409647792,0.95274982351015,0.204648663918798,0.89904143220507,0.297180459966195,0.400967235243129,0.674500175377061,0.202618964106162,0.141595814257685,0.0101373446697188,0.00105226236408278,0
"36","CAV1",0.163896054265788,0.0138530620043948,0.204834240947741,0.617416642782077,0.518083769660799,0.147176841501863,0.0138052928250693,0.212190694563867,0.6268271711092,0.501096561561379,0.911793747531305,0.26657041561369,0.822074662110265,0.356186482518132,0.352337153017597,0.850418279435635,0.341365963291297,0.880952380952381,0.321556579621096,0.00461980272193782,0
"37","CCND1",0.139403783680489,0.0206382572138353,0.243407223390025,0.596550735715651,0.510329066483796,0.119721001337665,0.0205427097267342,0.257261609019683,0.602474679915918,0.537025137501813,0.949863903473658,0.208205962828569,0.818733518947378,0.36883948955922,0.388366352111385,0.710597986974541,0.217998815867377,0.698954452589833,0.209349837759885,0.0034339846062759,0
"38","CD34",0.224265583950322,0.0010031048483401,0.10250776212085,0.672223549080487,0.515936007902741,0.217721518987342,0.0010031048483401,0.0976833054693098,0.683592070695008,0.50704761912721,0.971605870087211,0.160772513566496,0.99663073758645,0.0568849847306602,0.449191168733525,0.797435150102011,0.502768872048965,0.886926328502415,0.497282608695652,0.00014573010784028,0
"39","CD36",0.141444977467655,0,0.225081164897999,0.633473857634346,0.504450606707205,0.140136647768571,0,0.20705528904395,0.652808063187479,0.5115787110957,0.924286571987792,0.248338041273426,NA,NA,0.354364038755161,0.751057641459545,0.284108937070333,0.866434054431263,0.356454989532449,0,2
"40","CD44",0.132858780814065,0.00692719281482897,0.275988916491496,0.58422510987961,0.531784495040079,0.148433021211542,0.00687941907127843,0.253057519587235,0.591630040129945,0.511406836783628,0.941452566633436,0.225105283927623,0.974553089813869,0.155433979806258,0.338306724706866,0.662645064920143,0.185108583247156,0.780533458118858,0.263804398689752,0.000804320349304837,0
"41","CDH1",0.133285577841452,0.0183381088825215,0.268529130850048,0.579847182425979,0.521758931386229,0.11127029608405,0.0181470869149952,0.26341929321872,0.607163323782235,0.550683554797509,0.960271216264137,0.18542527666671,0.915811981341033,0.270524715514529,0.315741930827548,0.390088656512844,0.0717208456467379,0.510211524434719,0.0655239484561148,0.00227324391907252,0
"42","CFL1",0.242379359770664,0.0113234591495461,0.0711419015766842,0.675155279503106,0.49584732171135,0.19775441949355,0.0107978977544195,0.0897276636407071,0.701720019111323,0.527806930147657,0.886822509850551,0.245415046894589,0.950097792366464,0.214139044956371,0.308297172912558,0.626709810266216,0.110016178849831,0.606118853115489,0,0.00132372407707016,0
"43","CPT1C",0.286773615082635,0,0.1018756361169,0.611350748800465,0.468747615793967,0.20079484321233,0,0.100276256482334,0.698928900305336,0.487048602298894,0.794364214023948,0.298239521887654,NA,NA,0.361264405462966,0.439830402793366,0,0.584835801674179,0,0,2
"44","CREB1",0.0876170456716988,0.0188228549589146,0.282581693101471,0.610978406267915,0.505649359413337,0.115469138161666,0.01930059239442,0.245318173132047,0.619912096311867,0.489536081339819,0.916534204340072,0.262121666678,0.908090326327863,0.283697369473265,0.32938605881979,0.689672111015596,0.118752302591183,0.852941176470588,0.27262443438914,0.00196487780916124,0
"45","CTNNB1",0.105957101227727,0.0181531553050208,0.274255959489801,0.601633783977452,0.53968303497745,0.102326470166722,0.0204939569101419,0.291692542874887,0.585487030048249,0.517620782182235,0.949219053910641,0.208997559621649,0.89837402277145,0.253321093711293,0.366979734941882,0.7141144022065,0.169564696006715,0.788521378356575,0.166762706004379,0.0103129871687253,0
"46","CYCS",0.125459844250155,0.000238880129950791,0.373560747217046,0.500740528402847,0.510495332028594,0.118102336247671,0.000238880129950791,0.282738521809756,0.598920261812622,0.534467278487246,0.929133369695219,0.245092502392991,0.998850719373067,0.0325426684729792,0.467192328005444,0,0,0.795116140559857,0.219654556283502,9.56937799043062e-05,0
"47","DERL3",0.239918573090345,0,0.00169639395114385,0.758385032958511,0.481476527719179,0.204100426521908,0,0.00174486234974796,0.794154711128344,0.531880831628135,0.995886461202948,0.0416081837165926,NA,NA,0.436475183826172,0.768706118355065,0,0.68683776783612,0,0,2
"48","EGFR",0.174880611270296,0.0163323782234957,0.216236867239733,0.592550143266476,0.492539241103413,0.12836676217765,0.0167144221585482,0.24054441260745,0.614374403056351,0.533475313661983,0.950823136021388,0.203569903342911,0.920763170047039,0.257066674876435,0.352087075980133,0.855016408813877,0.326887013595874,0.83938080495356,0.314551083591331,0.0145335208626348,0
"49","EGLN1",0.243012088489655,0.00649816044722634,0.103397200057337,0.647092551005781,0.514732222024445,0.247599025275933,0.00654594103875006,0.0866739930240336,0.659181040661283,0.555630401162186,0.889668289695356,0.224268534515716,0.970489789638759,0.165435746748711,0.27733153608653,0.23395613322502,0,0.254030562175803,0.056918547595682,0.000812347684809098,0
"50","EPAS1",0.238557095078834,0.00941232680363115,0.0524605828953655,0.699569995222169,0.496247448864573,0.211896798853321,0.00926899187768753,0.0530817009077879,0.725752508361204,0.5106316226635,0.82994521706395,0.278337905658113,0.959691358953875,0.191957170274693,0.388073863891467,0.795006361323155,0.191952926208651,0.87212543554007,0.195121951219512,0.00206743002544529,0
"51","ERBB2",0.153768988248782,0.0155727524601127,0.216585459061813,0.614072800229292,0.498127586027066,0.148371070985,0.0153816757428107,0.261106334193179,0.57514091907901,0.550026044852432,0.951061043383603,0.193348887821692,0.898343121955761,0.290324491232969,0.395864055394994,0.718900854066097,0.283079589058052,0.348324713289858,0.0772430852259951,0.00371333085777943,0
"52","ESRRG",0.177122652778441,0.00234124898466243,0.0834726933919442,0.737063404844952,0.53051176746321,0.209517893831526,0.00238902957618615,0.0804147355344259,0.707678341057862,0.496697109600292,0.770747455035911,0.306101292678933,0.989523983378436,0.0999853393730543,0.364742912964343,0.514810103579866,0,0.544295521412226,0,0.000908595311648192,0
"53","EZH2",0.174174748005542,0.0183442411503368,0.153585248172742,0.65389576267138,0.485593310599112,0.138680552238093,0.0181531553050208,0.158553480150958,0.684612812305928,0.518647946790672,0.921512458630181,0.229276083438979,0.908424875564931,0.280037090104734,0.434810428947875,0.685852311939268,0.22111801242236,0.802787034232051,0.0827022114510754,0.00303657694962043,0
"54","FASN",0.193569961305116,0.000334400229303014,0.110160989824679,0.695934648640902,0.528920626759446,0.185305498495199,0.000334400229303014,0.124683514068695,0.689676587206803,0.554801164601382,0.820616379564846,0.302574381234132,0.998797839817793,0.0336595865130262,0.414064271609375,0.469913589945012,0.122859387274156,0.417487684729064,0,0,0
"55","FH",0.219466111138026,0,0.0416162007654668,0.738917688096507,0.545707840887674,0.206966716728841,0,0.0399205464851509,0.753112736786008,0.542353829297939,0.923281368836753,0.180345584219038,NA,NA,0.364334258795388,0.548895899053628,0.0135461124512897,0.680729984301413,0.0143249607535322,0,2
"56","FOXO1",0.150069255385203,0.0390695897215456,0.190332903472322,0.620528251420929,0.506010476817166,0.133161388928691,0.0380188183598414,0.191431437168649,0.637388355542819,0.511631671878097,0.887565108416726,0.282160286616028,0.842306139129351,0.361166598753611,0.321186612593068,0.85059786028949,0.283700440528634,0.873814541622761,0.265542676501581,0.00151038388923851,0
"57","FOXO3",0.20989010989011,0.0343526039178213,0.181939799331104,0.573817486860965,0.517275592747465,0.164166268514095,0.0338748208313426,0.146344959388438,0.655613951266125,0.520899440683613,0.866845113150014,0.307910794398774,0.865148410755236,0.338057771001574,0.367895573456056,0.245067264573991,0,0.695754716981132,0.163984461709212,0.00123318385650224,0
"58","GLS",0.254335260115607,0.00023885730664501,0.0868485166961257,0.658577365881622,0.480982198294389,0.207375913629198,0.000286628767974012,0.121530597620981,0.670806859981847,0.535463425084672,0.898939556977414,0.251664519232189,0.999008358218558,0.0314769549588236,0.412421339080647,0.784385056667133,0.248495872394011,0.50210419387607,0.0628355826440284,0,0
"59","GLUD1",0.274331136099263,0,0.0406649864288484,0.685003877471888,0.545803027412754,0.321830166731291,0,0.0395017448623497,0.638668088406359,0.521204319797012,0.679245002585947,0.344270312725941,NA,NA,0.260692031039394,0.193260501615633,0,0.124077800134138,0,0,2
"60","GPD2",0.244668476153548,0,0.0348972469949593,0.720434276851493,0.542048597392932,0.240160915083366,0,0.0316498642884839,0.72818922062815,0.508505604465037,0.709579876624063,0.319395418632485,NA,NA,0.318009164638792,0.532766990291262,0,0.721112696148359,0,0,2
"61","H6PD",0.240998303852677,0,0.0520474921250303,0.706954204022292,0.495034710293609,0.225296825781439,0,0.0502059607463048,0.724497213472256,0.486722826108342,0.835588085558621,0.257975627197988,NA,NA,0.396693987829005,0.780883082520258,0.0408467008433934,0.795954265611258,0.0515391380826737,0,2
"62","HDAC3",0.330737254527211,0.0135696879927373,0.0640737732333126,0.591619284246739,0.486362235767054,0.296765253953844,0.0131874432605476,0.0627359166706484,0.62731138611496,0.489106447336784,0.875819016777606,0.241115145631141,0.896912337754783,0.26788445483521,0.162779944840971,0.087048087048087,0,0.103461538461538,0,0.00631800631800632,0
"63","HIF1A",0.157226096093228,0.0185786608081001,0.239516668258668,0.584678574840004,0.503306672887934,0.153596332027892,0.0175756996847836,0.202693667016907,0.626134301270417,0.529098171146866,0.922201118088662,0.25241151777953,0.859343537001542,0.322823965909751,0.339224845025628,0.719871205151794,0.212396504139834,0.831119059785386,0.305697496167603,0.0047148114075437,0
"64","HRAS",0.207076012223071,0.00572956455309397,0.148920932009167,0.638273491214668,0.512363765763855,0.150210084033613,0.00639801375095493,0.195616883116883,0.647775019098549,0.497860160026868,0.964176090490163,0.177707134226057,0.966503910818618,0.172455099224397,0.372637565697132,0.764255543822598,0.334213305174234,0.76602955130812,0.144367629117527,0.00250791974656811,0
"65","HSPA5",0.120748949178449,0.0294230034390523,0.286110049675201,0.563717997707298,0.539383927168654,0.108855559801299,0.0293274742071074,0.266048910966756,0.595768055024838,0.555418152267929,0.899921290784766,0.280751400532661,0.880823763729565,0.319535508409945,0.336012842467036,0.371140792642873,0.0570396321436391,0.565520501004372,0.142620820040175,0.0013137727173199,0
"66","HSPD1",0.158729400525436,0.00730833532362073,0.219345593503702,0.614616670647241,0.514793276275104,0.177167422975878,0.00721280152854072,0.163840458562216,0.651779316933365,0.549941910183286,0.935164991059511,0.220886494442629,0.970449983347495,0.165339509428506,0.396067531465846,0.576970748636589,0.0630887456618741,0.804252400548697,0.248422496570645,0.000991571641051066,0
"67","IDH1",0.156275381013807,0.0233624767091873,0.177296832449477,0.643065309827529,0.525078961342045,0.138072715111557,0.0232191486312169,0.19927380440495,0.639434331852276,0.543600052273964,0.952882616101998,0.171928522112594,0.907488917460917,0.287573735206715,0.353612794262433,0.59523490831214,0.132244679427118,0.50046376043461,0,0.000133850890108419,0
"68","IDH2",0.284980371249939,0,0.143023312169825,0.571996316580236,0.504493344668064,0.205980710512286,0,0.107013037367324,0.68700625212039,0.531872686863727,0.95098270342219,0.169933174574807,NA,NA,0.375956098022519,0.084701619295663,0,0.588107773304429,0.141065345308145,0,2
"69","IL1B",0.202606578507662,0.000143218599322099,0.17219649591827,0.625053706974746,0.50896412037374,0.193965723015229,0.000143218599322099,0.158686208048885,0.647204850336564,0.560727385753603,0.968751295960715,0.16861912000449,0.999604792493974,0.01926178320655,0.394853391546127,0.793735676088617,0.452126305067482,0.871583220568336,0.457780784844384,0.000127323656735421,0
"70","IL6",0.236492936235204,4.77281405116457e-05,0.0965063001145475,0.666953035509737,0.495770354292776,0.214156166475754,4.77281405116457e-05,0.0920675830469645,0.69372852233677,0.533723269737763,0.976862026699237,0.145683287362999,0.999716673749823,0.0168311053590766,0.486247775856007,0.774290627687016,0.525938664373746,0.837151316814711,0.51986909770921,0,0
"71","LGALS1",0.237769921651061,0.000477737435505446,0.113032677240589,0.648719663672845,0.509063196847696,0.218039365564686,0.000477737435505446,0.0818841964456335,0.699598700554175,0.527135425372393,0.929285518700595,0.183616009121285,0.997862472035756,0.0455201801936375,0.35928337754401,0.369101047191622,0,0.652989821882952,0.161577608142494,0.000271997824017408,0
"72","MAPK1",0.121102144119192,0.0124635881763049,0.250226827754166,0.616207439950337,0.506171029204634,0.126928035910415,0.0125113413877083,0.230122725753307,0.63043789694857,0.516719269144036,0.892249032616,0.290242378835718,0.896453571282531,0.261337394711935,0.309458019005412,0.69043175314172,0.0919497324872465,0.734461816772193,0.154412714821036,0.00671892497200448,0
"73","MAPK14",0.133992548008025,0.00955383586509984,0.238559281551543,0.617894334575332,0.499549470738487,0.124725327218878,0.00969714340307633,0.245963504346995,0.61961402503105,0.509248803695571,0.932176158995852,0.238529202845481,0.898072287335517,0.280590089915768,0.272123082345093,0.718464808101013,0.11726465808226,0.637448197915359,0.0793670727112897,0.00437554694336792,0
"74","MCL1",0.172008598041557,0.00640076427036064,0.176546453307858,0.645044184380224,0.513502226070506,0.211750656794841,0.00640076427036064,0.219632194888942,0.562216384045856,0.528900238625476,0.913826540636013,0.241794338817532,0.971186706622382,0.161815148367973,0.477273287912272,0.758982640290674,0.247073072264836,0.0356792144026187,0,0.00215314224195936,0
"75","MDM2",0.189100114635078,0.0232613679786015,0.141144440198701,0.646494077187619,0.518505894748056,0.182890714558655,0.0226881925869316,0.147258311043179,0.647162781811234,0.51460163566634,0.949552100211724,0.190683662571555,0.882277249136415,0.308525607939656,0.319296737839173,0.71679502769896,0.241183623834617,0.698659807770407,0.188303776905374,0.017700310768815,0
"76","MLXIP",0.284479052214207,0.00191085845316008,0.024172359432475,0.689437729900158,0.489804736516256,0.242917880857975,0.00195862991448908,0.0203984139874839,0.734725075240052,0.508432690879819,0.568328888658448,0.378632362266609,0.99270868353086,0.0841258570405668,0.355170976352524,0.681279803107214,0.113828641747423,0.7752566180443,0.13812353682694,0.00015382248884787,0
"77","MMP9",0.180580762250454,0,0.168831789091604,0.650587448657942,0.508072718897091,0.171267551819658,0,0.181106122838858,0.647626325341484,0.510485467220798,0.963136804539055,0.181179876560736,1,0,0.41564064775361,0.680153089119738,0.375888463641334,0.700054215234481,0.22987259419897,0,0
"78","NF1",0.19931222238143,0.00420308544681664,0.167502507522568,0.628982184649186,0.520677404002759,0.187801499737307,0.00439413478530831,0.171562305965516,0.636242059511869,0.511060437821328,0.969152719668443,0.146638597556191,0.979618521419499,0.139147557418022,0.280009173956582,0.779994850669413,0.274459320288363,0.84046743697479,0.271271008403361,0.000386199794026777,0
"79","NFE2L2",0.204777830864787,0.0301958910654563,0.144099378881988,0.620926899187769,0.490488515318464,0.185809842331581,0.031055900621118,0.142570473005256,0.640563784042045,0.519264991981933,0.867877520991363,0.303552372683381,0.864764721012897,0.337253412176944,0.245245073029508,0.513360221830098,0,0.475342283663432,0,0.00176455760020166,0
"80","NPM1",0.20967896044334,0.0179151538314542,0.0662621823046054,0.7061437034206,0.531828427809164,0.172702082935219,0.0178673800879037,0.0894802216701701,0.719950315306707,0.52522131477594,0.875980610363385,0.250638152952106,0.809490651763664,0.375470686574948,0.440874262293112,0.590473093805885,0.190212973500244,0.735073353804162,0.046229955646537,0.00438953015769794,0
"81","NRAS",0.19799340829779,0,0.257561070182241,0.544445521519969,0.502430328934777,0.125048468398604,0,0.254119813881349,0.620831717720047,0.534651819065763,0.951048773926465,0.191545587834249,NA,NA,0.322100893968745,0.019789339291414,0,0.572542502876135,0,0,2
"82","NRF1",0.228527753893188,0.00257953568357696,0.0949173593197669,0.673975351103468,0.486726350325795,0.215200152861374,0.00262730486290246,0.0927199770707939,0.68945256520493,0.474431997336592,0.829274418572188,0.295273179413073,0.988443233870411,0.104650706572212,0.39522257843878,0.712527472527473,0.175238095238095,0.770035379172435,0.15305337640363,0.00043956043956044,0
"83","OGT",0.222630875047765,0.00453763851738632,0.0970099350401223,0.675821551394727,0.496216580567812,0.210307604126863,0.00453763851738632,0.10446121513183,0.680693542223921,0.480678365546924,0.783399989972993,0.328743903015527,0.981423856927037,0.133182022322737,0.360092264756689,0.752173272432592,0.220274053337262,0.708302169035153,0.174869109947644,0.00088404302342714,0
"84","PARP1",0.095840695286758,0.0192922974070006,0.304904254811136,0.579962752495105,0.549283884526435,0.116279069767442,0.0190057781385798,0.247982426818204,0.616732725275775,0.541014771037751,0.909856563985215,0.269872565464594,0.824626627698038,0.345449699223409,0.340966960346359,0.646657571623465,0.149045020463847,0.813107400946922,0.246324445551956,0.00557071396089131,0
"85","PDK4",0.193474418382458,0.023360244589882,0.0374528256819376,0.745712511345722,0.502457328582796,0.175273491616109,0.023216930205895,0.0342521377728945,0.767257440405102,0.511947250626525,0.733929203944288,0.326914653699048,0.907488917460917,0.287573735206715,0.430210147982791,0.705429269209093,0.0721397708059365,0.8126026272578,0.0882594417077176,0.000187863986473793,0
"86","PDP1",0.29657813105855,0,0.0243311360992633,0.679090732842187,0.536428384665785,0.32052151996898,0,0.0245734780922838,0.654905001938736,0.527901087921926,0.899229951961294,0.203192293094576,NA,NA,0.310687521364525,0.404319589185924,0,0.133567415730337,0,0,2
"87","PIK3CA",0.178796561604585,0.00463228271251194,0.183285577841452,0.633285577841452,0.502762837223854,0.221298949379179,0.00534861509073543,0.234049665711557,0.539302769818529,0.51895727605017,0.937489801905965,0.231978302742164,0.980468183248567,0.136059320593123,0.420681419227454,0.688631332204714,0.158353952337544,0.112884834663626,0.0115061677205349,0.000651126448756349,0
"88","PIK3CD",0.155211912943872,0.00377052310042001,0.269091256204658,0.57192630775105,0.48985493649712,0.143470790378007,0.00367506681939672,0.251718213058419,0.601135929744177,0.538278767952599,0.921737728233419,0.256260805283546,0.985699057337591,0.117015058247045,0.314405290024464,0.867097781246516,0.371278849370052,0.901519684097164,0.380519325116669,0.000445980599843907,0
"89","PIN1",0.206784519827998,0.00726230291447683,0.0810797897754419,0.704873387482083,0.512201616962746,0.185140946010511,0.00793119923554706,0.0932632584806498,0.713664596273292,0.494642604395726,0.861782089610183,0.24576310823521,0.903701305756889,0.27722343345652,0.283241393108395,0.689978954184879,0.0505099562894609,0.779075588186217,0,0.00437105390966489,0
"90","POMT1",0.203789861393816,0,0.0885916448580014,0.707618493748183,0.51447260214348,0.172676165552002,0,0.102597654356887,0.724726180091112,0.518284132840353,0.767834232955922,0.282479740238756,NA,NA,0.331912150446806,0.7243494115697,0.0295043925078734,0.759154929577465,0,0,2
"91","PPARA",0.133690095083377,0.0142863968655932,0.252281523245258,0.599741984805772,0.479022931099811,0.122461656075302,0.014143055091022,0.245162215108223,0.618233073725453,0.521263248614136,0.891949461153644,0.284067456581151,0.944235618180956,0.226994386627289,0.232005437171489,0.657156499940313,0,0.526032540675845,0,0.000835621344156619,0
"92","PRKAA1",0.27258827464284,0.00544698743370443,0.0404223804290697,0.681542357494386,0.50024280691471,0.253428257441827,0.00554254861675188,0.0391323044579292,0.701896889483492,0.513607069211371,0.66223429380147,0.3575120517141,0.97535938158513,0.15147384060461,0.27505795869477,0.550787696924231,0,0.472191056259016,0,0.00150037509377344,0
"93","PRKAA2",0.290075971140523,0.0012422953796168,0.0385111567681208,0.67017057671174,0.527932794224682,0.242343160208323,0.00119451478809308,0.0187777724688232,0.73768455253476,0.498587169155032,0.836473269549889,0.266975496126294,0.995327811845128,0.0673223979023083,0.444464038592312,0.200637404027235,0,0.758834244080146,0.0958105646630237,0.000579458206576851,0
"94","PTEN",0.110479556744364,0.0258406572411158,0.2789931218953,0.58468666411922,0.506354013108537,0.106706152082537,0.0271780664883454,0.315246465418418,0.550869316010699,0.520448949243945,0.946383031667164,0.210191918299084,0.847369502436666,0.347194108710799,0.362986807577423,0.720069005175388,0.145715928694652,0.332978836541529,0.0634903754121025,0.00287521564117309,0
"95","RELA",0.217048710601719,0.0234001910219675,0.110410697230181,0.649140401146132,0.505377057476255,0.16341929321872,0.0231136580706781,0.122349570200573,0.691117478510029,0.552658543077257,0.879766612608946,0.294584970294077,0.855200683187143,0.287883264933593,0.423528227557472,0.742343813801552,0.345855451204573,0.651669758812616,0.181508967223253,0.010752688172043,0
"96","RET",0.14166308449157,0.0125137316712041,0.222859053350528,0.622964130486698,0.506975509055347,0.151311076085399,0.0124182070019583,0.169126426899747,0.667144290012896,0.505989373141426,0.949121203018235,0.179367374660965,0.953421263333901,0.208129902277865,0.434029962801312,0.543450722067393,0.0624524955662528,0.839001291433491,0.300473525613431,0.00126678489992399,0
"97","RIPK1",0.227961202159683,0.024845907592336,0.109847579913039,0.637345310334942,0.510796149488883,0.233264847818816,0.0244636628601462,0.10588179081657,0.636389698504467,0.508959893264973,0.756853474524969,0.274460368056528,0.86554492168297,0.329979503303665,0.263472305119796,0.479841897233202,0,0.360183968462549,0,0.00342555994729908,0
"98","SCO2",0.213891043039938,0,0.0674680108569213,0.718640946103141,0.510931861614718,0.215490500193874,0,0.0681950368359829,0.716314462970143,0.525843768471979,0.900204311420629,0.214689730172756,NA,NA,0.260325080382701,0.730232558139535,0.0124031007751938,0.629933367503844,0.0121305313514437,0,2
"99","SIRT1",0.131384071472935,0.0170560412784865,0.242511107926043,0.609048779322536,0.512539813391162,0.141799245138789,0.0163871769146242,0.207300176771296,0.63451340117529,0.498951670460894,0.884168398444375,0.295721426624881,0.880747840085157,0.288668633939839,0.295500074070084,0.692288891604546,0.103996089453746,0.838823529411765,0.198300653594771,0.00647684223389955,0
"100","SIRT3",0.206468255863947,0.0023408016051211,0.092246691826303,0.698944250704629,0.530238849719779,0.195433048296947,0.0023885730664501,0.0980748101084412,0.704103568528161,0.494839654104779,0.830578842181458,0.302481585501766,0.989100544951005,0.101342032476764,0.312382163413302,0.753411615360203,0.176451920025389,0.819179851469164,0.154504359057152,0.000317359568390987,0
"101","SLC16A1",0.323205892329311,0,0.111014197800068,0.565779909870621,0.5250153853014,0.195522605029801,0,0.106265445558948,0.698211949411252,0.533369036070858,0.848737278106696,0.277403725897326,NA,NA,0.350758058086169,0.111259904028568,0,0.610308285163776,0,0,2
"102","SLC16A3",0.277793932344674,0,0.0935349423281962,0.62867112532713,0.493360070716594,0.193854802752738,0,0.0747794901618688,0.731365707085393,0.523890991678995,0.776639385377121,0.3049360365022,NA,NA,0.356341691202945,0.33059253458627,0,0.766552408443081,0.0929099765469962,0,2
"103","SLC16A7",0.252326032176778,0,0.0346481876332623,0.713025780189959,0.498440571710827,0.278542353169219,0,0.038961038961039,0.682496607869742,0.490316118866167,0.703838342833308,0.317871404947597,NA,NA,0.309480416218438,0.771529888551165,0.0501519756838906,0.530372405372405,0,0,2
"104","SRC",0.159474940334129,0.0183293556085919,0.248210023866348,0.573985680190931,0.50175335654972,0.122291169451074,0.0181384248210024,0.256229116945107,0.603341288782816,0.53611101583541,0.931692119440811,0.241632559592912,0.904278299580484,0.244308985302515,0.327274206089456,0.807843137254902,0.344985994397759,0.808664259927798,0.267870036101083,0.0100840336134454,0
"105","STAT3",0.112411059643761,0.0165226111455995,0.276825366505898,0.594240962704742,0.523230576554584,0.126020724893749,0.0171434028938446,0.257342056253283,0.599493815959123,0.52751062738433,0.935638521217351,0.235181142540976,0.877786630199181,0.287138303647328,0.335169059522241,0.709779922325527,0.15358361774744,0.821747943245499,0.262906879694766,0.00623749558667765,0
"106","STC1",0.342783754967529,0,0.155859261413201,0.501356983619269,0.523245134084604,0.192691673936222,0,0.0931472327226907,0.714161093341088,0.526444330482497,0.894332847753642,0.246565602831053,NA,NA,0.478249180188539,0.00116629410049567,0,0.79128518141743,0.277890810444218,0,2
"107","STK11",0.19048528849828,0.00811998471532289,0.118933893771494,0.682460833014903,0.508710431334796,0.158769583492549,0.0084543370271303,0.152799006495988,0.679977072984333,0.50925986606745,0.885871301124122,0.267464451915623,0.961476348028554,0.188023655476853,0.347212256919424,0.724729241877256,0.221269554753309,0.655223880597015,0.0367164179104478,0.00150421179302046,0
"108","TFAM",0.223803610660044,4.77600534912599e-05,0.0940395453242908,0.682109083962174,0.519705646006667,0.202550386856433,4.77600534912599e-05,0.0943261056452383,0.703075747444837,0.528092074980956,0.866560546095226,0.282953735869738,1,0,0.39757701038451,0.723707932692308,0.144831730769231,0.745214733794435,0.177738459063857,0.000150240384615385,0
"109","TGFB1",0.225053686471009,0.00343593414459556,0.13877356239561,0.632736816988785,0.483031555593661,0.191887377714149,0.00343593414459556,0.146647578143641,0.658029109997614,0.503042755604745,0.967465053823525,0.171964646601474,0.987432467538629,0.109223807833365,0.361047184436341,0.847193347193347,0.42047817047817,0.857521629919062,0.355707507675133,0.00103950103950104,0
"110","TGM2",0.128060713092454,0.00883012744021765,0.232065295212639,0.63104386425469,0.493621677617266,0.118085055605938,0.00883012744021765,0.207531860054413,0.665552956899432,0.54093818979749,0.907646806390266,0.263952708842271,0.964094906729752,0.182391613614141,0.367828077161108,0.770763260025873,0.323285899094437,0.879834451263023,0.340516626230912,0.000905562742561449,0
"111","TNF",0.215598514427197,0.00195219502904485,0.125035710884678,0.65741357965908,0.498465706177515,0.194648128749643,0.00195219502904485,0.115846109894296,0.687553566327016,0.546796572869109,0.973978107463668,0.154007089040155,0.99169507277121,0.0888387799705699,0.449282128551866,0.767616400277971,0.511466296038916,0.82429137458092,0.475464797317891,0.000277970813064628,0
"112","TRIB3",0.240372670807453,0.00821786908743431,0.0946010511227903,0.656808408982322,0.514446181405236,0.243287147634974,0.00807453416149068,0.0921643573817487,0.656473960821787,0.538416303652945,0.704044398490142,0.332825891693221,0.967475342688909,0.173097327293265,0.296340076368602,0.437978560490046,0,0.27913769123783,0,0.00167061116525129,0
"113","TXNIP",0.208492548719908,0.00171952617500955,0.0853553687428353,0.704432556362247,0.509893807271196,0.20371608712266,0.00167176155903707,0.0801490256018342,0.714463125716469,0.487655264105824,0.854375664295021,0.285015906633243,0.992681994859264,0.0834277358516042,0.415676683221162,0.752908855850032,0.252262443438914,0.836065573770492,0.243559718969555,0.00048480930833872,0
"114","ULK1",0.21954132823698,0.00348781653129479,0.0653129479216436,0.711657907310081,0.495413592233073,0.203965599617774,0.00348781653129479,0.0651696129957,0.727376970855232,0.486402097634022,0.618473647671879,0.359562097599581,0.985892374273202,0.117018372909669,0.322081952145849,0.674233637116819,0.0616404308202154,0.778303540133193,0.0634419908867858,0.00149130074565037,0
"115","VDAC1",0.237997420341088,0.00372617398366216,0.115081450341566,0.643194955333684,0.521374013316473,0.229111928533894,0.00358285959967515,0.124396885300721,0.64290832656571,0.538537030089086,0.890383420706538,0.239153284260535,0.984821405370307,0.119600886505509,0.329869421565668,0.305931182219842,0.0504752978979783,0.363210702341137,0,0.00107109385459901,0
"116","VEGFA",0.190762764483928,0.00238811673114582,0.166833834837847,0.640015283947079,0.534083433728571,0.150164780054449,0.00238811673114582,0.194440464249893,0.653006638964513,0.547300121036466,0.963296172762691,0.181505481292549,0.990400973697392,0.0950609088511381,0.430179385618052,0.648135863075494,0.319357834682234,0.58568479008947,0.173709566414315,0.00106143027729866,0
"117","VHL",0.229872425820632,0.0139519327249271,0.0501696210999092,0.706006020354532,0.500616692567537,0.203306416933442,0.0153375698791151,0.0509341105642888,0.730421902623154,0.510178495193334,0.840514371874086,0.253325837318009,0.83643724062408,0.330307090797722,0.276011683790835,0.718673817649927,0,0.802552286423254,0,0.00617584917926215,0
"118","VIM",0.182755657404755,0.0158025398644133,0.108278430249212,0.693163372481619,0.513737044391845,0.17296858588752,0.0155160889907381,0.10780101212642,0.703714312995321,0.525992029186837,0.937951600783731,0.203876938505185,0.9174182877607,0.265068353908623,0.449774121162566,0.828847051501478,0.379803952077174,0.807444408636803,0.269577827908476,0.00342305896997044,0
